lr,weight_decay,epochs_trained,Accuracy,Precision,Recall,F1,Specificity,AUC,PRAUC
0.0001,0.0,75,0.9776391055642226,0.9788010425716768,0.9764257236956145,0.9776119402985075,0.9788524874158632,0.9934928292145263,0.9927548102288092
0.0001,0.0001,81,0.9775524354307505,0.9786309937456567,0.9764257236956145,0.977527114967462,0.9786791471489222,0.9935006263716197,0.9927467259642911
0.0001,0.01,51,0.9733922690240943,0.9772806710940231,0.96931877275091,0.9732834392132974,0.9774657652803351,0.992543754445619,0.9910438711250448
0.001,0.0,23,0.9775524354307505,0.978132592849705,0.9769457444964466,0.9775388084294511,0.9781591263480992,0.9938045352171747,0.9931174345608832
0.001,0.0001,21,0.9773790951638065,0.9784572619874913,0.9762523834286705,0.977353579175705,0.9785058068819812,0.9937663156263351,0.9931339391646109
0.001,0.01,25,0.9738256196914543,0.9778010837266212,0.969665453284798,0.9737162750217581,0.9779857860811582,0.9928412332656708,0.9916154600583752
0.01,0.0,14,0.9765123938290865,0.9782533054975644,0.9746923210261744,0.9764695667274463,0.9783324666150403,0.99421861083145,0.9939414507756693
0.01,0.0001,12,0.9772057548968626,0.9787826086956521,0.9755590223608944,0.9771681569580692,0.9788524874158632,0.9938353182130982,0.9931444790538929
0.01,0.01,34,0.9743456404922863,0.975830290384281,0.9727855780897903,0.9743055555555555,0.9759057028778662,0.9928687261317227,0.9915573239234884
